{"data_time": 0.00029007249941059854, "eta_seconds": 69.61416101989016, "iteration": 9, "loss_box_reg_stage0": 0.0, "loss_box_reg_stage1": 0.0, "loss_box_reg_stage2": 0.0, "loss_cls_stage0": 0.11367547512054443, "loss_cls_stage1": 0.16560333967208862, "loss_cls_stage2": 0.13805997371673584, "loss_mask": 0.0, "loss_rpn_cls": 0.6535475254058838, "loss_rpn_loc": 0.0, "lr": 4e-05, "rank_data_time": 0.00029007249941059854, "roi_head/num_bg_samples": 512.0, "roi_head/num_fg_samples": 0.0, "rpn/num_neg_anchors": 256.0, "rpn/num_pos_anchors": 0.0, "stage0/fast_rcnn/cls_accuracy": 1.0, "stage1/fast_rcnn/cls_accuracy": 1.0, "stage1/roi_head/num_bg_samples": 512.0, "stage1/roi_head/num_fg_samples": 0.0, "stage2/fast_rcnn/cls_accuracy": 1.0, "stage2/roi_head/num_bg_samples": 512.0, "stage2/roi_head/num_fg_samples": 0.0, "time": 0.7734906779987796, "total_loss": 1.0708863139152527, "total_val_loss": 0.8217167314141989, "val_loss_box_reg_stage0": 0.0, "val_loss_box_reg_stage1": 0.0, "val_loss_box_reg_stage2": 0.0, "val_loss_cls_stage0": 0.048511240631341934, "val_loss_cls_stage1": 0.07242609933018684, "val_loss_cls_stage2": 0.05870578996837139, "val_loss_mask": 0.0, "val_loss_rpn_cls": 0.6420736014842987, "val_loss_rpn_loc": 0.0}
{"data_time": 0.00028003350053040776, "eta_seconds": 62.056641160015715, "iteration": 19, "loss_box_reg_stage0": 0.0, "loss_box_reg_stage1": 0.0, "loss_box_reg_stage2": 0.0, "loss_cls_stage0": 0.002552952617406845, "loss_cls_stage1": 0.004711298272013664, "loss_cls_stage2": 0.002949049696326256, "loss_mask": 0.0, "loss_rpn_cls": 0.5727550685405731, "loss_rpn_loc": 0.0, "lr": 4e-05, "rank_data_time": 0.00028003350053040776, "roi_head/num_bg_samples": 512.0, "roi_head/num_fg_samples": 0.0, "rpn/num_neg_anchors": 256.0, "rpn/num_pos_anchors": 0.0, "stage0/fast_rcnn/cls_accuracy": 1.0, "stage1/fast_rcnn/cls_accuracy": 1.0, "stage1/roi_head/num_bg_samples": 512.0, "stage1/roi_head/num_fg_samples": 0.0, "stage2/fast_rcnn/cls_accuracy": 1.0, "stage2/roi_head/num_bg_samples": 512.0, "stage2/roi_head/num_fg_samples": 0.0, "time": 0.7757080145001964, "total_loss": 0.5829683691263199, "total_val_loss": 0.5595614171470515, "val_loss_box_reg_stage0": 0.0, "val_loss_box_reg_stage1": 0.0, "val_loss_box_reg_stage2": 0.0, "val_loss_cls_stage0": 0.0014886363642290235, "val_loss_cls_stage1": 0.0025405577616766095, "val_loss_cls_stage2": 0.0016213119379244745, "val_loss_mask": 0.0, "val_loss_rpn_cls": 0.5539109110832214, "val_loss_rpn_loc": 0.0}
{"data_time": 0.00033782700120355, "eta_seconds": 54.0751889999774, "iteration": 29, "loss_box_reg_stage0": 0.0, "loss_box_reg_stage1": 0.0, "loss_box_reg_stage2": 0.0, "loss_cls_stage0": 6.564116301888134e-05, "loss_cls_stage1": 0.00010265186210745014, "loss_cls_stage2": 5.3195422879070975e-05, "loss_mask": 0.0, "loss_rpn_cls": 0.31307555735111237, "loss_rpn_loc": 0.0, "lr": 4e-05, "rank_data_time": 0.00033782700120355, "roi_head/num_bg_samples": 491.0, "roi_head/num_fg_samples": 0.0, "rpn/num_neg_anchors": 256.0, "rpn/num_pos_anchors": 0.0, "stage0/fast_rcnn/cls_accuracy": 1.0, "stage1/fast_rcnn/cls_accuracy": 1.0, "stage1/roi_head/num_bg_samples": 491.0, "stage1/roi_head/num_fg_samples": 0.0, "stage2/fast_rcnn/cls_accuracy": 1.0, "stage2/roi_head/num_bg_samples": 491.0, "stage2/roi_head/num_fg_samples": 0.0, "time": 0.7723806220001279, "total_loss": 0.31329704579911777, "total_val_loss": 0.2772540462865436, "val_loss_box_reg_stage0": 0.0, "val_loss_box_reg_stage1": 0.0, "val_loss_box_reg_stage2": 0.0, "val_loss_cls_stage0": 5.019836316932924e-05, "val_loss_cls_stage1": 8.50318610901013e-05, "val_loss_cls_stage2": 4.145412094658241e-05, "val_loss_mask": 0.0, "val_loss_rpn_cls": 0.2770773619413376, "val_loss_rpn_loc": 0.0}
{"data_time": 0.0008472454974253196, "eta_seconds": 46.41283398002997, "iteration": 39, "loss_box_reg_stage0": 0.0, "loss_box_reg_stage1": 0.0, "loss_box_reg_stage2": 0.0, "loss_cls_stage0": 1.313723623752594e-05, "loss_cls_stage1": 2.2674910724163055e-05, "loss_cls_stage2": 9.701820090413094e-06, "loss_mask": 0.0, "loss_rpn_cls": 0.06046411581337452, "loss_rpn_loc": 0.0, "lr": 4e-05, "rank_data_time": 0.0008472454974253196, "roi_head/num_bg_samples": 512.0, "roi_head/num_fg_samples": 0.0, "rpn/num_neg_anchors": 256.0, "rpn/num_pos_anchors": 0.0, "stage0/fast_rcnn/cls_accuracy": 1.0, "stage1/fast_rcnn/cls_accuracy": 1.0, "stage1/roi_head/num_bg_samples": 512.0, "stage1/roi_head/num_fg_samples": 0.0, "stage2/fast_rcnn/cls_accuracy": 1.0, "stage2/roi_head/num_bg_samples": 512.0, "stage2/roi_head/num_fg_samples": 0.0, "time": 0.7722749170006864, "total_loss": 0.06050962978042662, "total_val_loss": 0.04957302115008133, "val_loss_box_reg_stage0": 0.0, "val_loss_box_reg_stage1": 0.0, "val_loss_box_reg_stage2": 0.0, "val_loss_cls_stage0": 1.2192566373414593e-05, "val_loss_cls_stage1": 2.048527676379308e-05, "val_loss_cls_stage2": 8.842520401231013e-06, "val_loss_mask": 0.0, "val_loss_rpn_cls": 0.04953150078654289, "val_loss_rpn_loc": 0.0}
{"data_time": 0.0009401544994034339, "eta_seconds": 38.764802849982516, "iteration": 49, "loss_box_reg_stage0": 0.0, "loss_box_reg_stage1": 0.0, "loss_box_reg_stage2": 0.0, "loss_cls_stage0": 7.273862138390541e-06, "loss_cls_stage1": 1.208554022014141e-05, "loss_cls_stage2": 4.9172667786479e-06, "loss_mask": 0.0, "loss_rpn_cls": 0.007466679206117988, "loss_rpn_loc": 0.0, "lr": 4e-05, "rank_data_time": 0.0009401544994034339, "roi_head/num_bg_samples": 512.0, "roi_head/num_fg_samples": 0.0, "rpn/num_neg_anchors": 256.0, "rpn/num_pos_anchors": 0.0, "stage0/fast_rcnn/cls_accuracy": 1.0, "stage1/fast_rcnn/cls_accuracy": 1.0, "stage1/roi_head/num_bg_samples": 512.0, "stage1/roi_head/num_fg_samples": 0.0, "stage2/fast_rcnn/cls_accuracy": 1.0, "stage2/roi_head/num_bg_samples": 512.0, "stage2/roi_head/num_fg_samples": 0.0, "time": 0.7807504680004058, "total_loss": 0.00748888379894197, "total_val_loss": 0.006607280246043956, "val_loss_box_reg_stage0": 0.0, "val_loss_box_reg_stage1": 0.0, "val_loss_box_reg_stage2": 0.0, "val_loss_cls_stage0": 6.647291911576758e-06, "val_loss_cls_stage1": 1.1438788988016313e-05, "val_loss_cls_stage2": 4.633318667401909e-06, "val_loss_mask": 0.0, "val_loss_rpn_cls": 0.006584501825273037, "val_loss_rpn_loc": 0.0}
{"data_time": 0.0009633249992475612, "eta_seconds": 31.011842279986013, "iteration": 59, "loss_box_reg_stage0": 0.0, "loss_box_reg_stage1": 0.0, "loss_box_reg_stage2": 0.0, "loss_cls_stage0": 5.419993840405368e-06, "loss_cls_stage1": 8.989793968794402e-06, "loss_cls_stage2": 3.593158908188343e-06, "loss_mask": 0.0, "loss_rpn_cls": 0.001995381258893758, "loss_rpn_loc": 0.0, "lr": 4e-05, "rank_data_time": 0.0009633249992475612, "roi_head/num_bg_samples": 501.0, "roi_head/num_fg_samples": 0.0, "rpn/num_neg_anchors": 256.0, "rpn/num_pos_anchors": 0.0, "stage0/fast_rcnn/cls_accuracy": 1.0, "stage1/fast_rcnn/cls_accuracy": 1.0, "stage1/roi_head/num_bg_samples": 501.0, "stage1/roi_head/num_fg_samples": 0.0, "stage2/fast_rcnn/cls_accuracy": 1.0, "stage2/roi_head/num_bg_samples": 501.0, "stage2/roi_head/num_fg_samples": 0.0, "time": 0.7941071384993847, "total_loss": 0.0020136466921485408, "total_val_loss": 0.0018019834102460663, "val_loss_box_reg_stage0": 0.0, "val_loss_box_reg_stage1": 0.0, "val_loss_box_reg_stage2": 0.0, "val_loss_cls_stage0": 5.4166764584806515e-06, "val_loss_cls_stage1": 9.16562021302525e-06, "val_loss_cls_stage2": 3.570012268028222e-06, "val_loss_mask": 0.0, "val_loss_rpn_cls": 0.0017846515984274447, "val_loss_rpn_loc": 0.0}
{"data_time": 0.0009392244992341148, "eta_seconds": 23.280056550011068, "iteration": 69, "loss_box_reg_stage0": 0.0, "loss_box_reg_stage1": 0.0, "loss_box_reg_stage2": 0.0, "loss_cls_stage0": 5.084633585283882e-06, "loss_cls_stage1": 8.183983936760342e-06, "loss_cls_stage2": 3.2294709626512486e-06, "loss_mask": 0.0, "loss_rpn_cls": 0.0009488013747613877, "loss_rpn_loc": 0.0, "lr": 4.000000000000001e-06, "rank_data_time": 0.0009392244992341148, "roi_head/num_bg_samples": 466.5,