{"data_time": 0.0002579004994913703, "eta_seconds": 63.998400760028744, "iteration": 19, "loss_box_reg_stage0": 0.0, "loss_box_reg_stage1": 0.0, "loss_box_reg_stage2": 0.0, "loss_cls_stage0": 0.005574222654104233, "loss_cls_stage1": 0.003425062634050846, "loss_cls_stage2": 0.004473146051168442, "loss_mask": 0.0, "loss_rpn_cls": 0.6109049916267395, "loss_rpn_loc": 0.0, "lr": 4e-05, "rank_data_time": 0.0002579004994913703, "roi_head/num_bg_samples": 512.0, "roi_head/num_fg_samples": 0.0, "rpn/num_neg_anchors": 256.0, "rpn/num_pos_anchors": 0.0, "stage0/fast_rcnn/cls_accuracy": 1.0, "stage1/fast_rcnn/cls_accuracy": 1.0, "stage1/roi_head/num_bg_samples": 512.0, "stage1/roi_head/num_fg_samples": 0.0, "stage2/fast_rcnn/cls_accuracy": 1.0, "stage2/roi_head/num_bg_samples": 512.0, "stage2/roi_head/num_fg_samples": 0.0, "time": 0.7999800095003593, "total_loss": 0.624377422966063}
{"data_time": 0.0011107230002380675, "eta_seconds": 48.20263313995383, "iteration": 39, "loss_box_reg_stage0": 0.0, "loss_box_reg_stage1": 0.0, "loss_box_reg_stage2": 0.0, "loss_cls_stage0": 1.737312413752079e-05, "loss_cls_stage1": 1.750374212861061e-05, "loss_cls_stage2": 1.62394717335701e-05, "loss_mask": 0.0, "loss_rpn_cls": 0.11929573863744736, "loss_rpn_loc": 0.0, "lr": 4e-05, "rank_data_time": 0.0011107230002380675, "roi_head/num_bg_samples": 512.0, "roi_head/num_fg_samples": 0.0, "rpn/num_neg_anchors": 256.0, "rpn/num_pos_anchors": 0.0, "stage0/fast_rcnn/cls_accuracy": 1.0, "stage1/fast_rcnn/cls_accuracy": 1.0, "stage1/roi_head/num_bg_samples": 512.0, "stage1/roi_head/num_fg_samples": 0.0, "stage2/fast_rcnn/cls_accuracy": 1.0, "stage2/roi_head/num_bg_samples": 512.0, "stage2/roi_head/num_fg_samples": 0.0, "time": 0.809643167498507, "total_loss": 0.1193432736909017}
{"data_time": 0.001107800500903977, "eta_seconds": 32.17222215993388, "iteration": 59, "loss_box_reg_stage0": 0.0, "loss_box_reg_stage1": 0.0, "loss_box_reg_stage2": 0.0, "loss_cls_stage0": 6.248475983738899e-06, "loss_cls_stage1": 6.667338311672211e-06, "loss_cls_stage2": 5.0691887736320496e-06, "loss_mask": 0.0, "loss_rpn_cls": 0.0033757463097572327, "loss_rpn_loc": 0.0, "lr": 4e-05, "rank_data_time": 0.001107800500903977, "roi_head/num_bg_samples": 512.0, "roi_head/num_fg_samples": 0.0, "rpn/num_neg_anchors": 256.0, "rpn/num_pos_anchors": 0.0, "stage0/fast_rcnn/cls_accuracy": 1.0, "stage1/fast_rcnn/cls_accuracy": 1.0, "stage1/roi_head/num_bg_samples": 512.0, "stage1/roi_head/num_fg_samples": 0.0, "stage2/fast_rcnn/cls_accuracy": 1.0, "stage2/roi_head/num_bg_samples": 512.0, "stage2/roi_head/num_fg_samples": 0.0, "time": 0.804576074498982, "total_loss": 0.0033938322449102998}
{"data_time": 0.0010931194992735982, "eta_seconds": 16.09629162998317, "iteration": 79, "loss_box_reg_stage0": 0.0, "loss_box_reg_stage1": 0.0, "loss_box_reg_stage2": 0.0, "loss_cls_stage0": 5.192006938159466e-06, "loss_cls_stage1": 5.768728442490101e-06, "loss_cls_stage2": 4.376517608761787e-06, "loss_mask": 0.0, "loss_rpn_cls": 0.0011638887808658183, "loss_rpn_loc": 0.0, "lr": 4.000000000000001e-06, "rank_data_time": 0.0010931194992735982, "roi_head/num_bg_samples": 512.0, "roi_head/num_fg_samples": 0.0, "rpn/num_neg_anchors": 256.0, "rpn/num_pos_anchors": 0.0, "stage0/fast_rcnn/cls_accuracy": 1.0, "stage1/fast_rcnn/cls_accuracy": 1.0, "stage1/roi_head/num_bg_samples": 512.0, "stage1/roi_head/num_fg_samples": 0.0, "stage2/fast_rcnn/cls_accuracy": 1.0, "stage2/roi_head/num_bg_samples": 512.0, "stage2/roi_head/num_fg_samples": 0.0, "time": 0.8081958654984192, "total_loss": 0.0011798820341937244}
{"data_time": 0.0011168179989908822, "eta_seconds": 0.0, "iteration": 99, "loss_box_reg_stage0": 0.0, "loss_box_reg_stage1": 0.0, "loss_box_reg_stage2": 0.0, "loss_cls_stage0": 5.24311326444149e-06, "loss_cls_stage1": 5.92332798987627e-06, "loss_cls_stage2": 4.507717676460743e-06, "loss_mask": 0.0, "loss_rpn_cls": 0.001087799435481429, "loss_rpn_loc": 0.0, "lr": 4.0000000000000003e-07, "rank_data_time": 0.0011168179989908822, "roi_head/num_bg_samples": 512.0, "roi_head/num_fg_samples": 0.0, "rpn/num_neg_anchors": 256.0, "rpn/num_pos_anchors": 0.0, "stage0/fast_rcnn/cls_accuracy": 1.0, "stage1/fast_rcnn/cls_accuracy": 1.0, "stage1/roi_head/num_bg_samples": 512.0, "stage1/roi_head/num_fg_samples": 0.0, "stage2/fast_rcnn/cls_accuracy": 1.0, "stage2/roi_head/num_bg_samples": 512.0, "stage2/roi_head/num_fg_samples": 0.0, "time": 0.8036853160010651, "total_loss": 0.0011038108495995402}
{"data_time": 0.0002751914980763104, "eta_seconds": 62.6797102400451, "iteration": 19, "loss_box_reg_stage0": 0.0, "loss_box_reg_stage1": 0.0, "loss_box_reg_stage2": 0.0, "loss_cls_stage0": 0.003938143374398351, "loss_cls_stage1": 0.0048597329296171665, "loss_cls_stage2": 0.004971094662323594, "loss_mask": 0.0, "loss_rpn_cls": 0.6116833984851837, "loss_rpn_loc": 0.0, "lr": 4e-05, "rank_data_time": 0.0002751914980763104, "roi_head/num_bg_samples": 512.0, "roi_head/num_fg_samples": 0.0, "rpn/num_neg_anchors": 256.0, "rpn/num_pos_anchors": 0.0, "stage0/fast_rcnn/cls_accuracy": 1.0, "stage1/fast_rcnn/cls_accuracy": 1.0, "stage1/roi_head/num_bg_samples": 512.0, "stage1/roi_head/num_fg_samples": 0.0, "stage2/fast_rcnn/cls_accuracy": 1.0, "stage2/roi_head/num_bg_samples": 512.0, "stage2/roi_head/num_fg_samples": 0.0, "time": 0.7834963780005637, "total_loss": 0.6254523694515228}
{"data_time": 0.0010677629998099292, "eta_seconds": 47.048405399982585, "iteration": 39, "loss_box_reg_stage0": 0.0, "loss_box_reg_stage1": 0.0, "loss_box_reg_stage2": 0.0, "loss_cls_stage0": 1.7834631762525532e-05, "loss_cls_stage1": 2.1131963876541704e-05, "loss_cls_stage2": 1.925196556840092e-05, "loss_mask": 0.0, "loss_rpn_cls": 0.09225381165742874, "loss_rpn_loc": 0.0, "lr": 4e-05, "rank_data_time": 0.0010677629998099292, "roi_head/num_bg_samples": 512.0, "roi_head/num_fg_samples": 0.0, "rpn/num_neg_anchors": 256.0, "rpn/num_pos_anchors": 0.0, "stage0/fast_rcnn/cls_accuracy": 1.0, "stage1/fast_rcnn/cls_accuracy": 1.0, "stage1/roi_head/num_bg_samples": 512.0, "stage1/roi_head/num_fg_samples": 0.0, "stage2/fast_rcnn/cls_accuracy": 1.0, "stage2/roi_head/num_bg_samples": 512.0, "stage2/roi_head/num_fg_samples": 0.0, "time": 0.7875633869989542, "total_loss": 0.09231203021863621}
{"data_time": 0.0010932515015156241, "eta_seconds": 31.444950939985574, "iteration": 59, "loss_box_reg_stage0": 0.0, "loss_box_reg_stage1": 0.0, "loss_box_reg_stage2": 0.0, "loss_cls_stage0": 6.787828169763088e-06, "loss_cls_stage1": 8.695526048541069e-06, "loss_cls_stage2": 8.334522135555744e-06, "loss_mask": 0.0, "loss_rpn_cls": 0.0018448299961164594, "loss_rpn_loc": 0.0, "lr": 4e-05, "rank_data_time": 0.0010932515015156241, "roi_head/num_bg_samples": 512.0, "roi_head/num_fg_samples": 0.0, "rpn/num_neg_anchors": 256.0, "rpn/num_pos_anchors": 0.0, "stage0/fast_rcnn/cls_accuracy": 1.0, "stage1/fast_rcnn/cls_accuracy": 1.0, "stage1/roi_head/num_bg_samples": 512.0, "stage1/roi_head/num_fg_samples": 0.0, "stage2/fast_rcnn/cls_accuracy": 1.0, "stage2/roi_head/num_bg_samples": 512.0, "stage2/roi_head/num_fg_samples": 0.0, "time": 0.7997385539983952, "total_loss": 0.0018693561432883143}
{"data_time": 0.0011253639986534836, "eta_seconds": 15.693023140047444, "iteration": 79, "loss_box_reg_stage0": 0.0, "loss_box_reg_stage1": 0.0, "loss_box_reg_stage2": 0.0, "loss_cls_stage0": 5.652895197272301e-06, "loss_cls_stage1": 7.4569834396243095e-06, "loss_cls_stage2": 7.028109394013882e-06, "loss_mask": 0.0, "loss_rpn_cls": 0.0008120720449369401, "loss_rpn_loc": 0.0, "lr": 4.000000000000001e-06, "rank_data_time": 0.0011253639986534836, "roi_head/num_bg_samples": 512.0, "roi_head/num_fg_samples": 0.0, "rpn/num_neg_anchors": 256.0, "rpn/num_pos_anchors": 0.0, "stage0/fast_rcnn/cls_accuracy": 1.0, "stage1/fast_rcnn/cls_accuracy": 1.0, "stage1/roi_head/num_bg_samples": 512.0, "stage1/roi_head/num_fg_samples": 0.0, "stage2/fast_rcnn/cls_accuracy": 1.0, "stage2/roi_head/num_bg_samples": 512.0, "stage2/roi_head/num_fg_samples": 0.0,